-- GENERATED by supabase/seed/build.ts — do not edit by hand. Run: npm run seed:build
-- The curated v1 placeholder catalog (build-path step 2). Runs on `supabase db reset`.
-- Every JSONB payload below was validated against lib/catalog/ at generation time (ADR 0014).

insert into company (id, slug, name, rfq_recipient_email, quantize_increment_inch) values
  ('225b451c-69ed-4214-8ced-56cd6bed553a', 'altitude-demo', 'Altitude Demo Stairworks', 'rfq@altitude-demo.example', 0.0625);

insert into material (id, company_id, code, display_name, kind, render) values
  ('16481927-7a86-47c7-8b86-795a7c867aed', '225b451c-69ed-4214-8ced-56cd6bed553a', 'red_oak', 'Red Oak', 'species', '{"baseColorHex":"#b5895a","roughness":0.6,"metalness":0}'::jsonb),
  ('301fa0b1-cda2-4aa5-8aa2-85eccba2877f', '225b451c-69ed-4214-8ced-56cd6bed553a', 'hard_maple', 'Hard Maple', 'species', '{"baseColorHex":"#e6d2a8","roughness":0.55,"metalness":0}'::jsonb),
  ('1a2c7c4c-3169-4264-8469-a71d3369a58a', '225b451c-69ed-4214-8ced-56cd6bed553a', 'poplar', 'Poplar (Paint-Grade)', 'species', '{"baseColorHex":"#d8d3b8","roughness":0.7,"metalness":0}'::jsonb),
  ('bbfeadcc-1f36-4fe4-8236-f49d2136f30a', '225b451c-69ed-4214-8ced-56cd6bed553a', 'satin_black_iron', 'Satin Black Iron', 'finish', '{"baseColorHex":"#1c1c1e","roughness":0.4,"metalness":1}'::jsonb),
  ('b230ed98-f3d2-44f0-86d2-89a9f5d28816', '225b451c-69ed-4214-8ced-56cd6bed553a', 'oil_rubbed_bronze', 'Oil-Rubbed Bronze', 'finish', '{"baseColorHex":"#3b2a20","roughness":0.35,"metalness":1}'::jsonb);

update company set default_primary_species_material_id = '16481927-7a86-47c7-8b86-795a7c867aed' where id = '225b451c-69ed-4214-8ced-56cd6bed553a';

insert into gltf_asset (id, company_id, storage_path, display_name) values
  ('f8ccf062-4c0f-4c46-8b0f-9ab34a0f9920', '225b451c-69ed-4214-8ced-56cd6bed553a', 'catalog/baluster/colonial.glb', 'Colonial Baluster'),
  ('5123de22-5084-4006-8f84-9e734e849ce0', '225b451c-69ed-4214-8ced-56cd6bed553a', 'catalog/baluster/pin-top.glb', 'Pin-Top Baluster'),
  ('57176b50-f9b6-4a28-8cb6-2ee1fbb62d4e', '225b451c-69ed-4214-8ced-56cd6bed553a', 'catalog/baluster/twist.glb', 'Twist Baluster'),
  ('e99ef3ef-b2f9-4f0f-83f9-20a2b4f92235', '225b451c-69ed-4214-8ced-56cd6bed553a', 'catalog/newel/box.glb', 'Box Newel'),
  ('ac23afb8-2c89-4e90-8f89-33492e8931b6', '225b451c-69ed-4214-8ced-56cd6bed553a', 'catalog/newel/turned.glb', 'Turned Newel');

insert into style (id, company_id, code, display_name, part_type, gltf_asset_id, anchor_scale_spec) values
  ('8a64814b-ecb4-49ab-8db4-5b3eeeb45cd1', '225b451c-69ed-4214-8ced-56cd6bed553a', 'colonial', 'Colonial', 'baluster', 'f8ccf062-4c0f-4c46-8b0f-9ab34a0f9920', '{"baseAnchor":{"x":0,"y":0,"z":0},"topAnchor":{"x":0,"y":36,"z":0},"scalableAxis":"y","fixedDetailZones":[{"axis":"y","fromInch":0,"toInch":2},{"axis":"y","fromInch":34,"toInch":36}]}'::jsonb),
  ('a691d8f3-35c4-4353-86c4-c4e637c4c679', '225b451c-69ed-4214-8ced-56cd6bed553a', 'pin_top', 'Pin-Top', 'baluster', '5123de22-5084-4006-8f84-9e734e849ce0', '{"baseAnchor":{"x":0,"y":0,"z":0},"topAnchor":{"x":0,"y":36,"z":0},"scalableAxis":"y","fixedDetailZones":[{"axis":"y","fromInch":0,"toInch":2},{"axis":"y","fromInch":34,"toInch":36}]}'::jsonb),
  ('ba8da5c7-19ef-4ae7-8aef-9c7a1bef9e0d', '225b451c-69ed-4214-8ced-56cd6bed553a', 'twist', 'Twist', 'baluster', '57176b50-f9b6-4a28-8cb6-2ee1fbb62d4e', '{"baseAnchor":{"x":0,"y":0,"z":0},"topAnchor":{"x":0,"y":36,"z":0},"scalableAxis":"y","fixedDetailZones":[{"axis":"y","fromInch":0,"toInch":2},{"axis":"y","fromInch":34,"toInch":36}]}'::jsonb),
  ('8dc76fe4-ca9f-489c-8d9f-fd55cc9ffbc2', '225b451c-69ed-4214-8ced-56cd6bed553a', 'box', 'Box Newel', 'newel', 'e99ef3ef-b2f9-4f0f-83f9-20a2b4f92235', '{"baseAnchor":{"x":0,"y":0,"z":0},"topAnchor":{"x":0,"y":60,"z":0},"scalableAxis":"y","fixedDetailZones":[{"axis":"y","fromInch":0,"toInch":4},{"axis":"y","fromInch":56,"toInch":60}]}'::jsonb),
  ('802de6c9-0db3-44bd-8ab3-50040bb35197', '225b451c-69ed-4214-8ced-56cd6bed553a', 'turned', 'Turned Newel', 'newel', 'ac23afb8-2c89-4e90-8f89-33492e8931b6', '{"baseAnchor":{"x":0,"y":0,"z":0},"topAnchor":{"x":0,"y":60,"z":0},"scalableAxis":"y","fixedDetailZones":[{"axis":"y","fromInch":0,"toInch":4},{"axis":"y","fromInch":56,"toInch":60}]}'::jsonb);

insert into product (id, company_id, code, display_name, part_type, selection_axes, dimension_bindings, match_keys, rail_system, splice_policy, default_axis_values) values
  ('519a4c05-4ddf-4259-8adf-6da04bdf6f33', '225b451c-69ed-4214-8ced-56cd6bed553a', 'tread_bullnose', 'Bullnose Tread', 'tread', '{"axes":[{"key":"species","kind":"species","label":"Species","options":[{"value":"red_oak","label":"Red Oak","materialId":"16481927-7a86-47c7-8b86-795a7c867aed"},{"value":"hard_maple","label":"Hard Maple","materialId":"301fa0b1-cda2-4aa5-8aa2-85eccba2877f"}]},{"key":"profile","kind":"profile","label":"Nosing Profile","options":[{"value":"bullnose","label":"Bullnose"}]}]}'::jsonb, '{"length":{"source":{"kind":"geometry","ref":"stair_width"},"stockingRule":"cut_to_size","minInch":36,"maxInch":60},"depth":{"source":{"kind":"geometry","ref":"tread_depth"},"stockingRule":"cut_to_size"},"thickness":{"source":{"kind":"fixed","valueInch":1},"stockingRule":"fixed"},"nosing":{"source":{"kind":"fixed","valueInch":1},"stockingRule":"fixed"}}'::jsonb, '{}'::jsonb, 'post_to_post', NULL, '{"species":"red_oak","profile":"bullnose"}'::jsonb),
  ('bddf4daf-9fa3-4ecf-80a3-7062a1a371f5', '225b451c-69ed-4214-8ced-56cd6bed553a', 'riser_square', 'Square Riser', 'riser', '{"axes":[{"key":"species","kind":"species","label":"Species","options":[{"value":"red_oak","label":"Red Oak","materialId":"16481927-7a86-47c7-8b86-795a7c867aed"},{"value":"hard_maple","label":"Hard Maple","materialId":"301fa0b1-cda2-4aa5-8aa2-85eccba2877f"},{"value":"poplar","label":"Poplar (Paint-Grade)","materialId":"1a2c7c4c-3169-4264-8469-a71d3369a58a"}]},{"key":"profile","kind":"profile","label":"Profile","options":[{"value":"square","label":"Square"}]}]}'::jsonb, '{"height":{"source":{"kind":"geometry","ref":"rise"},"stockingRule":"cut_to_size"},"length":{"source":{"kind":"geometry","ref":"stair_width"},"stockingRule":"cut_to_size","minInch":36,"maxInch":60},"thickness":{"source":{"kind":"fixed","valueInch":0.75},"stockingRule":"fixed"}}'::jsonb, '{}'::jsonb, 'post_to_post', NULL, '{"species":"red_oak","profile":"square"}'::jsonb),
  ('4418b40c-e55e-4024-885e-04dde75e034a', '225b451c-69ed-4214-8ced-56cd6bed553a', 'baluster_v1', 'Baluster', 'baluster', '{"axes":[{"key":"style","kind":"style","label":"Style","options":[{"value":"colonial","label":"Colonial","styleId":"8a64814b-ecb4-49ab-8db4-5b3eeeb45cd1"},{"value":"pin_top","label":"Pin-Top","styleId":"a691d8f3-35c4-4353-86c4-c4e637c4c679"},{"value":"twist","label":"Twist","styleId":"ba8da5c7-19ef-4ae7-8aef-9c7a1bef9e0d"}]},{"key":"material","kind":"material","label":"Material","options":[{"value":"red_oak","label":"Red Oak","materialId":"16481927-7a86-47c7-8b86-795a7c867aed"},{"value":"hard_maple","label":"Hard Maple","materialId":"301fa0b1-cda2-4aa5-8aa2-85eccba2877f"},{"value":"satin_black_iron","label":"Satin Black Iron","materialId":"bbfeadcc-1f36-4fe4-8236-f49d2136f30a"},{"value":"oil_rubbed_bronze","label":"Oil-Rubbed Bronze","materialId":"b230ed98-f3d2-44f0-86d2-89a9f5d28816"}]}]}'::jsonb, '{"height":{"source":{"kind":"geometry","ref":"baluster_height"},"stockingRule":"cut_to_size","minInch":30,"maxInch":44},"section":{"source":{"kind":"fixed","valueInch":1.25},"stockingRule":"fixed"}}'::jsonb, '{}'::jsonb, 'post_to_post', NULL, '{"style":"colonial","material":"red_oak"}'::jsonb),
  ('36032383-9e83-4503-8f83-c696a083c829', '225b451c-69ed-4214-8ced-56cd6bed553a', 'handrail_colonial', 'Colonial Handrail', 'handrail', '{"axes":[{"key":"species","kind":"species","label":"Species","options":[{"value":"red_oak","label":"Red Oak","materialId":"16481927-7a86-47c7-8b86-795a7c867aed"},{"value":"hard_maple","label":"Hard Maple","materialId":"301fa0b1-cda2-4aa5-8aa2-85eccba2877f"}]},{"key":"profile","kind":"profile","label":"Profile","options":[{"value":"colonial_rail","label":"Colonial"}]}]}'::jsonb, '{"length":{"source":{"kind":"geometry","ref":"flight_length"},"stockingRule":"cut_to_size","maxInch":192},"width":{"source":{"kind":"fixed","valueInch":2.5},"stockingRule":"fixed"},"height":{"source":{"kind":"fixed","valueInch":2.625},"stockingRule":"fixed"}}'::jsonb, '{}'::jsonb, 'post_to_post', 'continuous', '{"species":"red_oak","profile":"colonial_rail"}'::jsonb),
  ('e41f4dbb-d801-407b-8901-920eda0193a1', '225b451c-69ed-4214-8ced-56cd6bed553a', 'newel_v1', 'Newel Post', 'newel', '{"axes":[{"key":"style","kind":"style","label":"Style","options":[{"value":"box","label":"Box Newel","styleId":"8dc76fe4-ca9f-489c-8d9f-fd55cc9ffbc2"},{"value":"turned","label":"Turned Newel","styleId":"802de6c9-0db3-44bd-8ab3-50040bb35197"}]},{"key":"species","kind":"species","label":"Species","options":[{"value":"red_oak","label":"Red Oak","materialId":"16481927-7a86-47c7-8b86-795a7c867aed"},{"value":"hard_maple","label":"Hard Maple","materialId":"301fa0b1-cda2-4aa5-8aa2-85eccba2877f"}]}]}'::jsonb, '{"height":{"source":{"kind":"geometry","ref":"newel_height"},"stockingRule":"cut_to_size","minInch":48,"maxInch":72},"section":{"source":{"kind":"fixed","valueInch":3.5},"stockingRule":"fixed"}}'::jsonb, '{}'::jsonb, 'post_to_post', NULL, '{"style":"box","species":"red_oak"}'::jsonb),
  ('92903f0c-22a4-4324-85a4-07dd24a4064a', '225b451c-69ed-4214-8ced-56cd6bed553a', 'fillet_plowed', 'Plowed Fillet', 'fillet', '{"axes":[{"key":"species","kind":"species","label":"Species","options":[{"value":"red_oak","label":"Red Oak","materialId":"16481927-7a86-47c7-8b86-795a7c867aed"},{"value":"hard_maple","label":"Hard Maple","materialId":"301fa0b1-cda2-4aa5-8aa2-85eccba2877f"}]},{"key":"profile","kind":"profile","label":"Profile","options":[{"value":"plowed_fillet","label":"Plowed"}]}]}'::jsonb, '{"length":{"source":{"kind":"geometry","ref":"fillet_run"},"stockingRule":"stock_lengths","stockLengthsInch":[48]},"width":{"source":{"kind":"fixed","valueInch":0.75},"stockingRule":"fixed"},"height":{"source":{"kind":"fixed","valueInch":0.75},"stockingRule":"fixed"}}'::jsonb, '{}'::jsonb, 'post_to_post', 'spliceable', '{"species":"red_oak","profile":"plowed_fillet"}'::jsonb),
  ('826a0f68-5860-4b60-8b60-20195a601e86', '225b451c-69ed-4214-8ced-56cd6bed553a', 'shoe_rail_plowed', 'Plowed Shoe Rail', 'shoe_rail', '{"axes":[{"key":"species","kind":"species","label":"Species","options":[{"value":"red_oak","label":"Red Oak","materialId":"16481927-7a86-47c7-8b86-795a7c867aed"},{"value":"hard_maple","label":"Hard Maple","materialId":"301fa0b1-cda2-4aa5-8aa2-85eccba2877f"}]},{"key":"profile","kind":"profile","label":"Profile","options":[{"value":"plowed_shoe","label":"Plowed"}]}]}'::jsonb, '{"length":{"source":{"kind":"geometry","ref":"flight_length"},"stockingRule":"stock_lengths","stockLengthsInch":[96,120,144]},"width":{"source":{"kind":"fixed","valueInch":1.75},"stockingRule":"fixed"},"height":{"source":{"kind":"fixed","valueInch":1},"stockingRule":"fixed"}}'::jsonb, '{}'::jsonb, 'post_to_post', 'spliceable', '{"species":"red_oak","profile":"plowed_shoe"}'::jsonb),
  ('4913b140-7f63-4738-8263-0bf181630a5e', '225b451c-69ed-4214-8ced-56cd6bed553a', 'cap_flat', 'Flat Newel Cap', 'cap', '{"axes":[{"key":"species","kind":"species","label":"Species","options":[{"value":"red_oak","label":"Red Oak","materialId":"16481927-7a86-47c7-8b86-795a7c867aed"},{"value":"hard_maple","label":"Hard Maple","materialId":"301fa0b1-cda2-4aa5-8aa2-85eccba2877f"}]},{"key":"profile","kind":"profile","label":"Profile","options":[{"value":"flat_cap","label":"Flat"}]}]}'::jsonb, '{"length":{"source":{"kind":"fixed","valueInch":3.5},"stockingRule":"fixed"},"width":{"source":{"kind":"fixed","valueInch":3.5},"stockingRule":"fixed"},"thickness":{"source":{"kind":"fixed","valueInch":1},"stockingRule":"fixed"}}'::jsonb, '{}'::jsonb, 'post_to_post', NULL, '{"species":"red_oak","profile":"flat_cap"}'::jsonb);

insert into sku (id, company_id, product_id, code, style_id, profile, material_id, rail_system, axis_values, stock_dimensions) values
  ('9a569187-fb31-4ca7-8c31-ce3afd31cfcd', '225b451c-69ed-4214-8ced-56cd6bed553a', '519a4c05-4ddf-4259-8adf-6da04bdf6f33', 'TRD-BN-RO', NULL, 'bullnose_tread', '16481927-7a86-47c7-8b86-795a7c867aed', 'post_to_post', '{"species":"red_oak","profile":"bullnose"}'::jsonb, '{"thicknessInch":1,"nosingInch":1}'::jsonb),
  ('588dd69b-d8f0-49db-89f0-ab6edaf0ad01', '225b451c-69ed-4214-8ced-56cd6bed553a', '519a4c05-4ddf-4259-8adf-6da04bdf6f33', 'TRD-BN-HM', NULL, 'bullnose_tread', '301fa0b1-cda2-4aa5-8aa2-85eccba2877f', 'post_to_post', '{"species":"hard_maple","profile":"bullnose"}'::jsonb, '{"thicknessInch":1,"nosingInch":1}'::jsonb),
  ('619d305f-8c8b-40df-8d8b-b2728e8bb405', '225b451c-69ed-4214-8ced-56cd6bed553a', 'bddf4daf-9fa3-4ecf-80a3-7062a1a371f5', 'RIS-SQ-RO', NULL, 'square_riser', '16481927-7a86-47c7-8b86-795a7c867aed', 'post_to_post', '{"species":"red_oak","profile":"square"}'::jsonb, '{"thicknessInch":0.75}'::jsonb),
  ('bfaccee3-46e8-49e3-87e8-9b7648e89d09', '225b451c-69ed-4214-8ced-56cd6bed553a', 'bddf4daf-9fa3-4ecf-80a3-7062a1a371f5', 'RIS-SQ-HM', NULL, 'square_riser', '301fa0b1-cda2-4aa5-8aa2-85eccba2877f', 'post_to_post', '{"species":"hard_maple","profile":"square"}'::jsonb, '{"thicknessInch":0.75}'::jsonb),
  ('aa99261c-8a88-4b14-8d88-9fcd8c889e3a', '225b451c-69ed-4214-8ced-56cd6bed553a', 'bddf4daf-9fa3-4ecf-80a3-7062a1a371f5', 'RIS-SQ-PP', NULL, 'square_riser', '1a2c7c4c-3169-4264-8469-a71d3369a58a', 'post_to_post', '{"species":"poplar","profile":"square"}'::jsonb, '{"thicknessInch":0.75}'::jsonb),
  ('beb90118-17ed-4470-8aed-892919ed8796', '225b451c-69ed-4214-8ced-56cd6bed553a', '4418b40c-e55e-4024-885e-04dde75e034a', 'BAL-COL-RO', '8a64814b-ecb4-49ab-8db4-5b3eeeb45cd1', NULL, '16481927-7a86-47c7-8b86-795a7c867aed', 'post_to_post', '{"style":"colonial","material":"red_oak"}'::jsonb, '{"sectionInch":1.25}'::jsonb),
  ('fc8348b8-e4a8-4f90-87a8-f449e6a8f2b6', '225b451c-69ed-4214-8ced-56cd6bed553a', '4418b40c-e55e-4024-885e-04dde75e034a', 'BAL-COL-HM', '8a64814b-ecb4-49ab-8db4-5b3eeeb45cd1', NULL, '301fa0b1-cda2-4aa5-8aa2-85eccba2877f', 'post_to_post', '{"style":"colonial","material":"hard_maple"}'::jsonb, '{"sectionInch":1.25}'::jsonb),
  ('9476e5b7-2254-47b7-8354-694a24546add', '225b451c-69ed-4214-8ced-56cd6bed553a', '4418b40c-e55e-4024-885e-04dde75e034a', 'BAL-PIN-IR', 'a691d8f3-35c4-4353-86c4-c4e637c4c679', NULL, 'bbfeadcc-1f36-4fe4-8236-f49d2136f30a', 'post_to_post', '{"style":"pin_top","material":"satin_black_iron"}'::jsonb, '{"sectionInch":0.5}'::jsonb),
  ('954b18ca-fc7e-4b8e-8b7e-89fbfa7e8868', '225b451c-69ed-4214-8ced-56cd6bed553a', '4418b40c-e55e-4024-885e-04dde75e034a', 'BAL-TWI-ORB', 'ba8da5c7-19ef-4ae7-8aef-9c7a1bef9e0d', NULL, 'b230ed98-f3d2-44f0-86d2-89a9f5d28816', 'post_to_post', '{"style":"twist","material":"oil_rubbed_bronze"}'::jsonb, '{"sectionInch":0.5}'::jsonb),
  ('9d3b040f-5e89-4b2f-8f89-fcc26089fe55', '225b451c-69ed-4214-8ced-56cd6bed553a', '36032383-9e83-4503-8f83-c696a083c829', 'HDR-COL-RO', NULL, 'colonial_rail', '16481927-7a86-47c7-8b86-795a7c867aed', 'post_to_post', '{"species":"red_oak","profile":"colonial_rail"}'::jsonb, '{"widthInch":2.5,"heightInch":2.625}'::jsonb),
  ('bafa8bf3-e004-4e53-8104-2fe6e2043179', '225b451c-69ed-4214-8ced-56cd6bed553a', '36032383-9e83-4503-8f83-c696a083c829', 'HDR-COL-HM', NULL, 'colonial_rail', '301fa0b1-cda2-4aa5-8aa2-85eccba2877f', 'post_to_post', '{"species":"hard_maple","profile":"colonial_rail"}'::jsonb, '{"widthInch":2.5,"heightInch":2.625}'::jsonb),
  ('0e77f4ab-43cc-468b-84cc-381e45cc39b1', '225b451c-69ed-4214-8ced-56cd6bed553a', 'e41f4dbb-d801-407b-8901-920eda0193a1', 'NWL-BOX-RO', '8dc76fe4-ca9f-489c-8d9f-fd55cc9ffbc2', NULL, '16481927-7a86-47c7-8b86-795a7c867aed', 'post_to_post', '{"style":"box","species":"red_oak"}'::jsonb, '{"sectionInch":3.5}'::jsonb),
  ('76b80e68-b5e3-4260-88e3-b719b7e3b586', '225b451c-69ed-4214-8ced-56cd6bed553a', 'e41f4dbb-d801-407b-8901-920eda0193a1', 'NWL-TRN-RO', '802de6c9-0db3-44bd-8ab3-50040bb35197', NULL, '16481927-7a86-47c7-8b86-795a7c867aed', 'post_to_post', '{"style":"turned","species":"red_oak"}'::jsonb, '{"sectionInch":3.5}'::jsonb),
  ('4cae703f-ae31-4e3f-8f31-6fd2b0317165', '225b451c-69ed-4214-8ced-56cd6bed553a', 'e41f4dbb-d801-407b-8901-920eda0193a1', 'NWL-BOX-HM', '8dc76fe4-ca9f-489c-8d9f-fd55cc9ffbc2', NULL, '301fa0b1-cda2-4aa5-8aa2-85eccba2877f', 'post_to_post', '{"style":"box","species":"hard_maple"}'::jsonb, '{"sectionInch":3.5}'::jsonb),
  ('9ec50361-c5df-4275-82df-adbcc3dfaf4f', '225b451c-69ed-4214-8ced-56cd6bed553a', '92903f0c-22a4-4324-85a4-07dd24a4064a', 'FIL-RO', NULL, 'plowed_fillet', '16481927-7a86-47c7-8b86-795a7c867aed', 'post_to_post', '{"species":"red_oak","profile":"plowed_fillet"}'::jsonb, '{"widthInch":0.75,"heightInch":0.75}'::jsonb),
  ('608e87cd-dc19-4501-8919-1048da1911db', '225b451c-69ed-4214-8ced-56cd6bed553a', '92903f0c-22a4-4324-85a4-07dd24a4064a', 'FIL-HM', NULL, 'plowed_fillet', '301fa0b1-cda2-4aa5-8aa2-85eccba2877f', 'post_to_post', '{"species":"hard_maple","profile":"plowed_fillet"}'::jsonb, '{"widthInch":0.75,"heightInch":0.75}'::jsonb),
  ('b6adb98c-f41c-41a4-871c-465df61c44ca', '225b451c-69ed-4214-8ced-56cd6bed553a', '826a0f68-5860-4b60-8b60-20195a601e86', 'SHO-RO', NULL, 'plowed_shoe', '16481927-7a86-47c7-8b86-795a7c867aed', 'post_to_post', '{"species":"red_oak","profile":"plowed_shoe"}'::jsonb, '{"widthInch":1.75,"heightInch":1}'::jsonb),
  ('b4c5bb4c-204a-4964-834a-7e1d224a7c8a', '225b451c-69ed-4214-8ced-56cd6bed553a', '826a0f68-5860-4b60-8b60-20195a601e86', 'SHO-HM', NULL, 'plowed_shoe', '301fa0b1-cda2-4aa5-8aa2-85eccba2877f', 'post_to_post', '{"species":"hard_maple","profile":"plowed_shoe"}'::jsonb, '{"widthInch":1.75,"heightInch":1}'::jsonb),
  ('76c27208-757f-4480-887f-0939777f07a6', '225b451c-69ed-4214-8ced-56cd6bed553a', '4913b140-7f63-4738-8263-0bf181630a5e', 'CAP-RO', NULL, 'flat_cap', '16481927-7a86-47c7-8b86-795a7c867aed', 'post_to_post', '{"species":"red_oak","profile":"flat_cap"}'::jsonb, '{"lengthInch":3.5,"widthInch":3.5,"thicknessInch":1}'::jsonb),
  ('74da73c8-a1ad-4c40-84ad-40f9a3ad3f66', '225b451c-69ed-4214-8ced-56cd6bed553a', '4913b140-7f63-4738-8263-0bf181630a5e', 'CAP-HM', NULL, 'flat_cap', '301fa0b1-cda2-4aa5-8aa2-85eccba2877f', 'post_to_post', '{"species":"hard_maple","profile":"flat_cap"}'::jsonb, '{"lengthInch":3.5,"widthInch":3.5,"thicknessInch":1}'::jsonb);

-- curated default SKU per product (ADR 0021)
update product set default_sku_id = '9a569187-fb31-4ca7-8c31-ce3afd31cfcd' where id = '519a4c05-4ddf-4259-8adf-6da04bdf6f33';
update product set default_sku_id = '619d305f-8c8b-40df-8d8b-b2728e8bb405' where id = 'bddf4daf-9fa3-4ecf-80a3-7062a1a371f5';
update product set default_sku_id = 'beb90118-17ed-4470-8aed-892919ed8796' where id = '4418b40c-e55e-4024-885e-04dde75e034a';
update product set default_sku_id = '9d3b040f-5e89-4b2f-8f89-fcc26089fe55' where id = '36032383-9e83-4503-8f83-c696a083c829';
update product set default_sku_id = '0e77f4ab-43cc-468b-84cc-381e45cc39b1' where id = 'e41f4dbb-d801-407b-8901-920eda0193a1';
update product set default_sku_id = '9ec50361-c5df-4275-82df-adbcc3dfaf4f' where id = '92903f0c-22a4-4324-85a4-07dd24a4064a';
update product set default_sku_id = 'b6adb98c-f41c-41a4-871c-465df61c44ca' where id = '826a0f68-5860-4b60-8b60-20195a601e86';
update product set default_sku_id = '76c27208-757f-4480-887f-0939777f07a6' where id = '4913b140-7f63-4738-8263-0bf181630a5e';
